Brand,rating,price
Nike,3.9,0.00
Nike,4,2845.00
Nike,4,2836.00
Nike,3.8,4990.00
Nike,4,2076.00
Nike,3.9,6995.00
Nike,3.9,3124.00
Nike,4.3,4231.00
Nike,5,5099.00
Nike,3.7,4196.00
Nike,4.2,3116.00
Nike,5,3695.00
Nike,3.6,3796.00
Nike,3.7,5690.00
Nike,4.1,9040.00
Nike,3,3596.00
Nike,3.6,2747.00
Nike,3.7,4214.00
Nike,3.9,4676.00
Nike,4,6956.00
Nike,5,6290.00
Nike,4.1,4727.00
Nike,3.5,4406.00
Nike,3.9,5777.00
Nike,4.5,6290.00
Nike,3.9,4658.00
Nike,3.9,4385.00
Nike,4.2,3987.00
Nike,4,4532.00
Nike,4.1,5690.00
Nike,4.8,6434.00
Nike,4,3091.00
Nike,4,6228.00
Nike,3.9,4587.00
Nike,4.4,5990.00
Nike,3.8,4658.00
Nike,3.5,8490.00
Nike,4.2,4990.00
Nike,3.3,3695.00
Nike,4,9986.00
Nike,4.2,5818.00
Nike,4.3,0.00
Nike,3.9,3247.00
Nike,4.1,5990.00
Nike,4.3,7853.00
Nike,5,7090.00
Nike,4.7,2747.00
Nike,3.4,17595.00
Nike,5,2414.00
Nike,4.1,4619.00
Nike,4.3,3318.00
Nike,4,3990.00
Nike,3.9,4784.00
Nike,4.1,3116.00
Nike,3.7,3716.00
Nike,3.7,5022.00
Nike,3.9,4218.00
Nike,3.5,6476.00
Nike,3.3,0.00
Nike,4.6,4973.00
Nike,3.8,6290.00
Nike,3.7,3379.00
Nike,4.2,4100.00
Nike,3.5,5826.00
Nike,4.2,4117.00
Nike,3.7,6146.00
Nike,4,9899.00
Nike,4.1,6764.00
Nike,4.1,3690.00
Nike,5,5916.00
Nike,4.2,5913.00
Nike,4.2,5066.00
Nike,4.1,1868.00
Nike,3.9,10495.00
Nike,4.4,4419.00
Nike,3.7,3146.00
Nike,4,3930.00
Nike,3.5,3546.00
Nike,3.4,5990.00
Nike,4.2,3995.00
Nike,4.2,3846.00
Nike,4.1,10290.00
Nike,3.5,3995.00
Nike,3.9,5036.00
Nike,4,2833.00
Nike,5,2535.00
Nike,4.4,5990.00
Nike,4.3,7019.00
Nike,3,14995.00
Nike,4.4,2737.00
Nike,4.4,25498.00
Nike,5,3138.00
Nike,4.1,4414.00
Nike,4.2,5294.00
Nike,4.3,3990.00
Nike,4.5,4747.00
Nike,4.3,14995.00
Nike,4.4,10064.00
Nike,4.4,5243.00
Nike,3.6,1882.00
Nike,4,5695.00
Nike,5,2278.00
Nike,4.1,3695.00
Nike,3.7,1013.00
Nike,4,6239.00
Nike,4.2,8636.00
Nike,4.5,4990.00
Nike,4,3959.00
Nike,4.3,4328.00
Nike,3.5,8059.00
Nike,4.3,5407.00
Nike,3.6,6790.00
Nike,4.2,10795.00
Nike,4.1,5921.00
Nike,3.8,3137.00
Nike,3.4,12974.00
Nike,5,3314.00
Nike,2.9,13974.00
Nike,3.7,0.00
Nike,4.1,0.00
Nike,3.5,3244.00
Nike,3,1749.00
Nike,3.7,6057.00
Nike,5,2499.00
Nike,5,9040.00
Nike,3.9,5224.00
Nike,3.9,2799.00
Nike,4.3,5076.00
Nike,4.4,2495.00
Nike,4.9,0.00
Nike,3.7,14519.00
Nike,4.2,5544.00
Nike,5,3715.00
Nike,4.1,1819.00
Nike,3.7,6791.00
Nike,4,0.00
Nike,3.7,3182.00
Nike,3.2,3312.00
Nike,5,8695.00
Nike,3,10995.00
Nike,3.9,4049.00
Nike,4,2990.00
Nike,3.8,0.00
Nike,4.5,9377.00
Nike,3.7,4259.00
Nike,4.5,2819.00
Nike,4.5,6795.00
Nike,3.9,16995.00
Nike,4.3,2922.00
Nike,4,5695.00
Nike,3.4,3695.00
Nike,3.1,3174.00
Nike,5,17030.00
Nike,5,4414.00
Nike,4.3,3695.00
Nike,4,9796.00
Nike,4,2569.00
Nike,4.3,4729.00
Nike,4.2,1339.00
Nike,3.9,6027.00
Nike,4.5,2099.00
Nike,4,5674.00
Nike,4.6,2714.00
Nike,4.5,9433.00
Nike,4,3374.00
Nike,5,2279.00
Nike,3.7,10295.00
Nike,3.8,9255.00
Nike,3.4,2714.00
Nike,4.3,5495.00
Nike,4.3,4244.00
Nike,3.5,0.00
Nike,3.9,4695.00
Nike,4.9,7732.00
Nike,3.9,3904.00
Nike,4.1,8290.00
Nike,3.8,5099.00
Nike,3.9,1905.00
Nike,4.1,5924.00
Nike,4.4,2995.00
Nike,4.1,1170.00
Nike,4,5085.00
Nike,3.6,2652.00
Nike,4.6,0.00
Nike,4.3,0.00
Nike,4.5,4179.00
Nike,3.7,2289.00
Nike,4.4,16995.00
Nike,5,0.00
Nike,3.8,5379.00
Nike,4.5,2459.00
Nike,4.1,5995.00
Nike,3.6,6178.00
Nike,3.1,1510.00
Nike,3.5,1471.00
Nike,4.4,9158.00
Adidas,3.9,2245.00
Adidas,4.1,1656.00
Adidas,4,1050.00
Adidas,4,1458.00
Adidas,4.1,3167.00
Adidas,4.1,1709.00
Adidas,3.9,1662.00
Adidas,3.6,2193.00
Adidas,4.2,1319.00
Adidas,4.1,2013.00
Adidas,3.9,2576.00
Adidas,4,1662.00
Adidas,3.5,3695.00
Adidas,4,2084.00
Adidas,3.9,2400.00
Adidas,4,1558.00
Adidas,4,2375.00
Adidas,4.1,1657.00
Adidas,3.7,3165.00
Adidas,3.7,2064.00
Adidas,4.1,2999.00
Adidas,4.2,2709.00
Adidas,4.3,2580.00
Adidas,4.2,2864.00
Adidas,4,2579.00
Adidas,3.9,1945.00
Adidas,4.2,2359.00
Adidas,4,2017.00
Adidas,3.9,1471.00
Adidas,4.1,2119.00
Adidas,3.9,3052.00
Adidas,4.1,1747.00
Adidas,4.2,1979.00
Adidas,4.1,0.00
Adidas,4,2077.00
Adidas,3.9,1650.00
Adidas,4,3495.00
Adidas,4,0.00
Adidas,4.1,2063.00
Adidas,4,2758.00
Adidas,4.4,2605.00
Adidas,4.2,2399.00
Adidas,3.8,2800.00
Adidas,4,2325.00
Adidas,3.7,2250.00
Adidas,3.8,2225.00
Adidas,3.6,0.00
Adidas,3.7,2639.00
Adidas,3.9,1514.00
Adidas,4,3807.00
Adidas,4.3,1319.00
Adidas,4.1,2400.00
Adidas,4.2,2737.00
Adidas,4,2529.00
Adidas,4,1919.00
Adidas,3.8,8999.00
Adidas,3.9,2333.00
Adidas,4.1,5949.00
Adidas,4.1,2544.00
Adidas,3,3869.00
Adidas,4.1,3193.00
Adidas,4.3,2794.00
Adidas,3.6,2855.00
Adidas,3.8,3599.00
Adidas,3.9,3011.00
Adidas,3.9,2268.00
Adidas,4,1709.00
Adidas,4.1,2512.00
Adidas,3.9,2119.00
Adidas,3.9,2064.00
Adidas,4.2,1349.00
Adidas,4.1,1978.00
Adidas,4,0.00
Adidas,4.1,1732.00
Adidas,4.2,2300.00
Adidas,4,2292.00
Adidas,3.9,2150.00
Adidas,4,1979.00
Adidas,3.8,1807.00
Adidas,4.3,1719.00
Adidas,4.2,3349.00
Adidas,3.9,1750.00
Adidas,3.7,2357.00
Adidas,3.5,3099.00
Adidas,3.6,2879.00
Adidas,3.7,3023.00
Adidas,4.2,0.00
Adidas,4,2999.00
Adidas,4.1,2150.00
Adidas,3.9,2400.00
Adidas,3.9,2964.00
Adidas,3.3,2419.00
Adidas,3.9,4553.00
Adidas,4,2304.00
Adidas,4,2407.00
Adidas,4.1,0.00
Adidas,4,3655.00
Adidas,4,2300.00
Adidas,4.3,0.00
Adidas,4,3000.00
Adidas,3.6,3599.00
Adidas,5,2048.00
Adidas,3.7,2180.00
Adidas,4.1,1799.00
Adidas,4.3,2032.00
Adidas,4.3,0.00
Adidas,3.4,4239.00
Adidas,3.4,2241.00
Adidas,4,3799.00
Adidas,3.9,2322.00
Adidas,3.9,2500.00
Adidas,4.4,2159.00
Adidas,3.5,2793.00
Adidas,4.3,3389.00
Adidas,4.2,2199.00
Adidas,3.9,4677.00
Adidas,4,5761.00
Adidas,3.8,1439.00
Adidas,4.1,4751.00
Adidas,4.2,1349.00
Adidas,4.4,4079.00
Adidas,4,0.00
Adidas,5,1886.00
Adidas,3.7,0.00
Adidas,3.8,3999.00
Adidas,4,2225.00
Adidas,4.1,4256.00
Adidas,3.8,1935.00
Adidas,3.9,0.00
Adidas,4,1233.00
Adidas,3,2399.00
Adidas,4.1,3389.00
Adidas,4.1,2400.00
Adidas,5,1858.00
Adidas,3.6,2150.00
Adidas,3.8,2399.00
Adidas,3.8,4685.00
Adidas,4.4,0.00
Adidas,3.7,1439.00
Adidas,3.7,2208.00
Adidas,3.8,4599.00
Adidas,4,3621.00
Adidas,5,1694.00
Adidas,4,0.00
Adidas,4.3,2419.00
Adidas,4,1836.00
Adidas,3.9,2207.00
Adidas,4.1,2559.00
Adidas,3.9,2479.00
Adidas,3.9,3444.00
Adidas,3.8,2317.00
Adidas,3.9,0.00
Adidas,3.6,3629.00
Adidas,3.4,2799.00
Adidas,4.1,1934.00
Adidas,3.7,2519.00
Adidas,4.2,1619.00
Adidas,4.1,2514.00
Adidas,4.3,2645.00
Adidas,4.1,2903.00
Adidas,4.6,3839.00
Adidas,3.5,2688.00
Adidas,4.3,2399.00
Adidas,3.5,3391.00
Adidas,4,1860.00
Adidas,3.4,5042.00
Adidas,3.4,2914.00
Adidas,4.5,2250.00
Adidas,3.5,5279.00
Adidas,5,2465.00
Adidas,4.1,1499.00
Adidas,4,2805.00
Adidas,4.5,2599.00
Adidas,3.2,2137.00
Adidas,3.7,2438.00
Adidas,3.6,3359.00
Adidas,3.9,4665.00
Adidas,4.5,2659.00
Adidas,3.9,2755.00
Adidas,4.1,3629.00
Adidas,3.7,5340.00
Adidas,4,1979.00
Adidas,3.7,3023.00
Adidas,3.7,3023.00
Adidas,4,1589.00
Adidas,4.1,1944.00
Adidas,3.4,3839.00
Adidas,3.7,2344.00
Adidas,3.9,3907.00
Adidas,4.1,2636.00
Adidas,3.9,3199.00
Adidas,4,2505.00
Adidas,4.2,2742.00
Adidas,3.8,2235.00
Adidas,4.4,2623.00
Adidas,3.7,2469.00
Adidas,3.8,3359.00
Adidas,5,3499.00
Adidas,4,2755.00
Adidas,3.5,2079.00
Adidas,4.1,2225.00
Adidas,4.1,2615.00
Adidas,3.6,2199.00
Adidas,3.6,2579.00
Adidas,3.9,2458.00
Adidas,4.3,1891.00
Adidas,4.2,2552.00
Adidas,4.2,0.00
Adidas,4.3,9500.00
Adidas,4.1,0.00
Adidas,5,3219.00
Adidas,4,2199.00
Adidas,3.7,2269.00
Adidas,4.2,2800.00
Adidas,4.5,5109.00
Adidas,4,1467.00
Adidas,4,1710.00
Adidas,4.4,3919.00
Adidas,3.9,649.00
Adidas,3.6,4139.00
Adidas,3.8,10799.00
Adidas,4.1,2300.00
Adidas,4,4399.00
Puma,3.8,2659.00
Puma,4.2,2109.00
Puma,3.8,2019.00
Puma,4,1649.00
Puma,4,1609.00
Puma,4.3,2309.00
Puma,3.9,1799.00
Puma,4,1799.00
Puma,4.1,1659.00
Puma,4.2,2199.00
Puma,4,1483.00
Puma,4,1599.00
Puma,3.9,2019.00
Puma,4.1,2699.00
Puma,4.1,1799.00
Puma,3.8,1219.00
Puma,3.7,2279.00
Puma,4,1620.00
Puma,4.1,1999.00
Puma,3.4,1439.00
Puma,4.2,3499.00
Puma,3.9,2099.00
Puma,4,1552.00
Puma,3.9,1479.00
Puma,3.8,2699.00
Puma,4,2399.00
Puma,4,2019.00
Puma,3.9,2219.00
Puma,3.8,4049.00
Puma,4.1,3149.00
Puma,4.1,3199.00
Puma,3.8,1569.00
Puma,4,1799.00
Puma,3.8,1479.00
Puma,4.4,3999.00
Puma,4.1,2639.00
Puma,4.2,2032.00
Puma,4.3,2749.00
Puma,4,2299.00
Puma,3.9,2559.00
Puma,4,1809.00
Puma,4,3199.00
Puma,3.9,1649.00
Puma,4.5,2649.00
Puma,4.6,2429.00
Puma,4.2,2959.00
Puma,4.1,2249.00
Puma,4.2,2799.00
Puma,4.1,2399.00
Puma,4.1,1749.00
Puma,4,2029.00
Puma,3.9,2999.00
Puma,4.2,2309.00
Puma,4.2,2099.00
Puma,4,1599.00
Puma,3.9,2099.00
Puma,4,2399.00
Puma,4.1,1999.00
Puma,4.8,5999.00
Puma,4,858.00
Puma,3.7,2249.00
Puma,3.8,2249.00
Puma,4,1799.00
Puma,4.1,1759.00
Puma,4,3709.00
Puma,4.6,2939.00
Puma,4,1609.00
Puma,4,4319.00
Puma,3.7,3299.00
Puma,4.5,3289.00
Puma,4.7,2249.00
Puma,4.2,2789.00
Puma,3.8,1919.00
Puma,4.4,2749.00
Puma,3.2,2749.00
Puma,4.4,3499.00
Puma,4.3,2499.00
Puma,3.8,2499.00
Puma,4.2,2309.00
Puma,4,1559.00
Puma,3.7,1569.00
Puma,5,4499.00
Puma,4.3,2249.00
Puma,3.6,2299.00
Puma,3.7,1479.00
Puma,4.1,1399.00
Puma,4,1649.00
Puma,3.9,2019.00
Puma,4.1,3176.00
Puma,3.8,2969.00
Puma,4,1765.00
Puma,3.7,1709.00
Puma,4,1469.00
Puma,4.2,2449.00
Puma,4.4,2019.00
Puma,3.9,1709.00
Puma,4.4,2199.00
Puma,3.8,1649.00
Puma,3.6,2309.00
Puma,4.3,1499.00
Puma,3.8,3299.00
Puma,4,2509.00
Puma,4.3,2399.00
Puma,4.2,2799.00
Puma,4.2,1799.00
Puma,4,1569.00
Puma,3.9,2499.00
Puma,3,2099.00
Puma,4,2799.00
Puma,3.7,1799.00
Puma,3.7,4019.00
Puma,3.8,1399.00
Puma,4.2,2919.00
Puma,4.1,2666.00
Puma,4.5,2799.00
Puma,4,3599.00
Puma,3.9,0.00
Puma,4.1,2469.00
Puma,5,3849.00
Puma,4,2659.00
Puma,4.1,3149.00
Puma,3.5,4999.00
Puma,3,4499.00
Puma,4.3,3419.00
Puma,4.3,0.00
Puma,3.8,759.00
Puma,4,2567.00
Puma,5,2799.00
Puma,4.1,1799.00
Puma,4.4,4899.00
Puma,4.3,2269.00
Puma,4.2,3999.00
Puma,4,2999.00
Puma,4.4,4699.00
Puma,4.2,2399.00
Puma,4,4999.00
Puma,4,1849.00
Puma,4.3,1609.00
Puma,3.5,3499.00
Puma,4.1,2679.00
Puma,3.7,1759.00
Puma,3.5,3499.00
Puma,4.1,2679.00
Puma,3.7,1759.00
Puma,4.6,2309.00
Puma,4.1,2219.00
Puma,3.8,3149.00
Puma,4.1,4549.00
Puma,5,4799.00
Puma,5,14999.00
Puma,4.3,1499.00
Puma,3.1,4999.00
Puma,4.3,0.00
Puma,4.1,2799.00
Puma,4.2,1599.00
Puma,4,2689.00
Puma,4.1,2249.00
Puma,4,1809.00
Puma,4,1799.00
Puma,4.1,2059.00
Puma,3.9,3899.00
Puma,4,2074.00
Puma,3.8,1199.00
Puma,3.9,2368.00
Puma,4.1,2019.00
Puma,4.3,1520.00
Puma,4.4,2799.00
Puma,4,2729.00
Puma,4.3,1919.00
Puma,3.8,3149.00
Puma,4.2,3463.00
Puma,4,3999.00
Puma,3.9,1899.00
Puma,5,3499.00
Puma,4,2499.00
Puma,4.3,1649.00
Puma,3.7,0.00
Puma,4,4495.00
Puma,4.2,2566.00
Puma,3.7,0.00
Puma,3.9,3249.00
Puma,4.1,1399.00
Puma,4.7,3249.00
Puma,3.8,3009.00
Puma,3.6,2059.00
Puma,3.4,4399.00
Puma,3.8,2469.00
Puma,4.4,2099.00
Puma,3.6,1693.00
Puma,4,1585.00
Puma,4.2,3329.00
Puma,4.3,2999.00
Puma,4.4,2999.00
Puma,3.9,4319.00
Puma,4.1,2079.00
Puma,4.2,3600.00
Puma,4,3499.00
Puma,3.8,5999.00
Puma,4.1,3149.00
Puma,4.1,1609.00
Puma,3.7,2600.00
Puma,3.9,2309.00
Puma,4.4,3199.00
Puma,1.8,1999.00
Puma,3.8,2019.00
Puma,4.2,3134.00
Puma,4,3848.00
Puma,4.1,0.00
Puma,4.5,2999.00
Puma,4.4,3688.00
Puma,4.8,4049.00
Puma,3.3,4319.00
Puma,5,2799.00
Puma,4.1,1868.00
Puma,4.3,2694.00
Puma,4,2160.00
Puma,3.6,1800.00
Puma,4.3,0.00
Puma,4.2,1749.00
Puma,4,1809.00
Puma,3.8,2364.00
Puma,3.9,3999.00
Puma,3.8,2799.00
Puma,3.5,2255.00
Puma,4.3,1600.00
Puma,4.2,2019.00
Puma,4.3,1719.00
Reebok,4.1,1076.00
Reebok,3.9,2275.00
Reebok,4,1706.00
Reebok,4,1422.00
Reebok,3.8,1008.00
Reebok,3.9,1463.00
Reebok,3.6,1100.00
Reebok,4,1592.00
Reebok,4,2765.00
Reebok,3.6,1553.00
Reebok,4.1,2161.00
Reebok,4.1,1574.00
Reebok,3.6,1188.00
Reebok,3.8,1172.00
Reebok,3.9,1518.00
Reebok,3.2,2366.00
Reebok,4,1429.00
Reebok,4.1,0.00
Reebok,4.2,1965.00
Reebok,4,2025.00
Reebok,3.4,1479.00
Reebok,4,1589.00
Reebok,5,2048.00
Reebok,3.9,1247.00
Reebok,4.4,2446.00
Reebok,3.6,2094.00
Reebok,4.3,2730.00
Reebok,4,1617.00
Reebok,4,1428.00
Reebok,4.8,2161.00
Reebok,3.6,2111.00
Reebok,3.5,2178.00
Reebok,4.1,1532.00
Reebok,3.6,1741.00
Reebok,4,1413.00
Reebok,4.4,2048.00
Reebok,3.7,1254.00
Reebok,4.2,2161.00
Reebok,3.9,1479.00
Reebok,3,1643.00
Reebok,3.1,1343.00
Reebok,3.7,1057.00
Reebok,3.8,2228.00
Reebok,4.1,2652.00
Reebok,3.9,1711.00
Reebok,4.1,2844.00
Reebok,4,2190.00
Reebok,4.4,1439.00
Reebok,4.5,2153.00
Reebok,3.6,1592.00
Reebok,3.7,2149.00
Reebok,3.7,3254.00
Reebok,3.9,1706.00
Reebok,4.1,1583.00
Reebok,3.8,1318.00
Reebok,4.1,2879.00
Reebok,3.9,1794.00
Reebok,3.1,2932.00
Reebok,4,1455.00
Reebok,3.8,1999.00
Reebok,4,2243.00
Reebok,3.1,2814.00
Reebok,4.8,1528.00
Reebok,4.4,1869.00
Reebok,4.5,1823.00
Reebok,4.1,1913.00
Reebok,3,2446.00
Reebok,3.7,1604.00
Reebok,4.5,2111.00
Reebok,3.7,1810.00
Reebok,4.1,1231.00
Reebok,3.7,950.00
Reebok,3.8,2640.00
Reebok,4,1705.00
Reebok,3.9,1873.00
Reebok,4.3,1641.00
Reebok,3.8,1747.00
Reebok,5,2446.00
Reebok,4,1348.00
Reebok,3.4,1343.00
Reebok,4,1908.00
Reebok,4.1,2116.00
Reebok,3.9,1605.00
Reebok,4,1769.00
Reebok,4.3,1420.00
Reebok,3.7,1972.00
Reebok,4,1483.00
Reebok,3.9,1482.00
Reebok,3.6,1627.00
Reebok,3.9,1706.00
Reebok,4.3,1823.00
Reebok,4.1,1633.00
Reebok,4,0.00
Reebok,4.1,2127.00
Reebok,1,3183.00
Reebok,4.3,2459.00
Reebok,3.6,1641.00
Reebok,4,1688.00
Reebok,4.1,1323.00
Reebok,4.1,1923.00
Reebok,3.6,1483.00
Reebok,3.9,1664.00
Reebok,3.9,2111.00
Reebok,4.2,4129.00
Reebok,4.2,1584.00
Reebok,3.2,2128.00
Reebok,4.1,1759.00
Reebok,4,1641.00
Reebok,3.7,1816.00
Reebok,4.2,1725.00
Reebok,3.7,1383.00
Reebok,4,2275.00
Reebok,4.1,1449.00
Reebok,4.5,0.00
Reebok,3.9,2459.00
Reebok,3.5,1935.00
Reebok,3.7,4691.00
Reebok,4.4,5642.00
Reebok,4.1,3119.00
Reebok,4,2345.00
Reebok,4.6,1679.00
Reebok,4.5,1489.00
Reebok,3.8,1194.00
Reebok,3.9,2207.00
Reebok,4,4579.00
Reebok,3.9,1799.00
Reebok,3.9,1862.00
Reebok,3.6,1131.00
Reebok,3.2,2407.00
Reebok,3.7,2616.00
Reebok,3.6,0.00
Reebok,3.6,1979.00
Reebok,4,2496.00
Reebok,3.2,1641.00
Reebok,4.2,2228.00
Reebok,4.2,2058.00
Reebok,3,2873.00
Reebok,4,1956.00
Reebok,3.9,2111.00
Reebok,5,2536.00
Reebok,4,2399.00
Reebok,4,2189.00
Reebok,3.6,1673.00
Reebok,3.4,1571.00
Reebok,5,1524.00
Reebok,3.7,2175.00
Reebok,4.4,2515.00
Reebok,4,2443.00
Reebok,3.6,1935.00
Reebok,2,2935.00
Reebok,4,2712.00
Reebok,4.2,1524.00
Reebok,4.6,1687.00
Reebok,3,1749.00
Reebok,3.9,3214.00
Reebok,4.3,1380.00
Reebok,4,2273.00
Reebok,3.6,1775.00
Reebok,3.8,2008.00
Reebok,4,2008.00
Reebok,4,2152.00
Reebok,3.9,1294.00
Reebok,3.7,1482.00
Reebok,3.5,1218.00
Reebok,3.9,3179.00
Reebok,3.7,1348.00
Reebok,3,1848.00
Reebok,4,1320.00
Reebok,4,1281.00
Reebok,4,1567.00
Reebok,3.1,1524.00
Reebok,2,1340.00
Reebok,4.5,863.00
Reebok,5,2465.00
Reebok,4.5,1839.00
Reebok,3.8,2623.00
Reebok,3.9,2345.00
Reebok,3.4,4863.00
Reebok,3.9,1281.00
Reebok,3,4430.00
Reebok,4.1,3494.00
Reebok,4.2,2449.00
Reebok,3.5,2154.00
Reebok,4.3,1410.00
Reebok,4,2111.00
Reebok,4.2,1231.00
Reebok,4.3,1231.00
Reebok,3.6,1759.00
Reebok,3.8,2987.00
Reebok,3.3,2529.00
Reebok,2,2407.00
Reebok,4.2,2755.00
Reebok,4.2,1479.00
Reebok,3.8,1735.00
Reebok,4.5,1766.00
Reebok,3.9,1775.00
Reebok,4.2,2399.00
Reebok,5,1871.00
Reebok,3.7,0.00
Reebok,4.2,2814.00
Reebok,3.8,0.00
Reebok,4.2,2278.00
Reebok,4.1,1455.00
Skechers,4.1,3429.00
Skechers,4.2,2914.00
Skechers,3.9,3036.00
Skechers,4.4,3709.00
Skechers,4.4,3150.00
Skechers,3.7,3340.00
Skechers,4,3899.00
Skechers,4.3,4250.00
Skechers,3.2,5849.00
Skechers,3.9,2732.00
Skechers,4.1,0.00
Skechers,4.1,2933.00
Skechers,3.9,2699.00
Skechers,3.6,2663.00
Skechers,4.3,3036.00
Skechers,4,2320.00
Skechers,3.9,3340.00
Skechers,4.2,3038.00
Skechers,4.5,3643.00
Skechers,3.7,4799.00
Skechers,4.1,3369.00
Skechers,3.9,4199.00
Skechers,3.9,3340.00
Skechers,4.5,2800.00
Skechers,4.5,6174.00
Skechers,4.3,3396.00
Skechers,3.8,3340.00
Skechers,3.7,5199.00
Skechers,4.3,3155.00
Skechers,4.5,2307.00
Skechers,4.5,0.00
Skechers,4.4,3947.00
Skechers,4.1,3036.00
Skechers,4.1,4199.00
Skechers,4.3,3643.00
Skechers,4.1,3779.00
Skechers,4.2,3599.00
Skechers,4.3,4059.00
Skechers,3.8,2732.00
Skechers,4.3,6174.00
Skechers,4,4858.00
Skechers,4.1,3849.00
Skechers,4.5,1700.00
Skechers,4.2,3199.00
Skechers,4.6,3709.00
Skechers,3.7,3069.00
Skechers,3.9,3599.00
Skechers,4.2,3574.00
Skechers,4.3,5399.00
Skechers,4.1,5849.00
Skechers,4.4,2999.00
Skechers,4.2,2732.00
Skechers,4.5,2600.00
Skechers,4.1,2699.00
Skechers,4.6,3179.00
Skechers,4.7,2732.00
Skechers,4.1,3238.00
Skechers,4.3,3036.00
Skechers,4.2,3340.00
Skechers,4.5,2799.00
Skechers,4.2,4799.00
Skechers,4.1,3599.00
Skechers,4.1,0.00
Skechers,4.3,3036.00
Skechers,3.2,2100.00
Skechers,4.2,3218.00
Skechers,4.3,2732.00
Skechers,4.1,4199.00
Skechers,3.5,0.00
Skechers,4.2,3179.00
Skechers,4.1,3340.00
Skechers,4.5,2909.00
Skechers,4.4,4499.00
Skechers,4,3500.00
Skechers,3.8,4199.00
Skechers,4.3,3599.00
Skechers,4.1,2611.00
Skechers,3.8,4250.00
Skechers,4.2,3340.00
Skechers,4.6,2732.00
Skechers,4.1,3947.00
Skechers,4.1,3439.00
Skechers,4.4,2003.00
Skechers,4.4,2732.00
Skechers,4.6,5799.00
Skechers,4.3,4199.00
Skechers,3.2,6599.00
Skechers,3.7,2732.00
Skechers,4.1,3299.00
Skechers,5,4250.00
Skechers,4.5,4549.00
Skechers,4.6,4345.00
Skechers,4.7,0.00
Skechers,4.4,0.00
Skechers,4.4,4199.00
Skechers,4.5,3245.00
Skechers,4.3,3409.00
Skechers,3.2,2094.00
Skechers,3.7,3643.00
Skechers,4.2,0.00
Skechers,4.4,3404.00
Skechers,4.3,1707.00
Skechers,4.1,2949.00
Skechers,4.2,3299.00
Skechers,5,1924.00
Skechers,5,3000.00
Skechers,4.1,4858.00
Skechers,3.8,4239.00
Skechers,4.7,3599.00
Skechers,4.5,3340.00
Skechers,5,2429.00
Skechers,5,4250.00
Skechers,3.4,3569.00
Skechers,3.6,4500.00
Skechers,3.7,3279.00
Skechers,4.1,5199.00
Skechers,4.7,5849.00
Skechers,4.5,4250.00
Skechers,4.5,2064.00
Skechers,4.3,3439.00
Skechers,5,3643.00
Skechers,4.1,2035.00
Skechers,4,5994.00
Skechers,3,2125.00
Skechers,4.3,3849.00
Skechers,4,4554.00
Skechers,3.6,1700.00
Skechers,3.8,3599.00
Skechers,4.7,3643.00
Skechers,4.2,5849.00
Skechers,4.4,5199.00
Skechers,4.1,3920.00
Skechers,4.3,3299.00
Skechers,4.2,5199.00
Skechers,4.2,5599.00
Skechers,4.1,2400.00
Skechers,4.3,5199.00
Skechers,4.6,5524.00
Skechers,4,2977.00
Skechers,3.3,5099.00
Skechers,4.7,2025.00
Skechers,4.4,4199.00
Skechers,3.9,0.00
Skechers,3.4,3921.00
Skechers,5,2003.00
Skechers,4.4,4799.00
Skechers,3.7,4499.00
Skechers,4.1,6680.00
Skechers,4.3,3769.00
Skechers,4,4077.00
Skechers,4.3,4549.00
Skechers,3.5,2169.00
Skechers,4.6,7499.00
Skechers,4.3,4199.00
Skechers,4.2,0.00
Skechers,3.7,3522.00
Skechers,4,3522.00
Skechers,3.4,5199.00
Skechers,3.9,2449.00
Skechers,4.3,5524.00
Skechers,3.9,3599.00
Skechers,4.4,3299.00
Skechers,4.8,3224.00
Skechers,4.4,0.00
Skechers,4.6,2348.00
Skechers,4.6,2549.00
Skechers,3.7,4554.00
Skechers,4.2,4590.00
Skechers,4.7,1781.00
Skechers,4.2,3947.00
Skechers,4.3,4199.00
Skechers,4.7,2003.00
Skechers,4.5,2689.00
Skechers,4.1,0.00
Skechers,4.5,3999.00
Skechers,4.1,4267.00
Skechers,5,5999.00
Skechers,4.5,2999.00
Skechers,3.2,0.00
Skechers,4.6,2732.00
Skechers,4.2,3599.00
Skechers,4.4,4858.00
Skechers,4,3359.00
Skechers,3.8,3719.00
Skechers,4.2,0.00
Skechers,4.5,2999.00
Skechers,3.2,0.00
Skechers,4.6,2732.00
Skechers,4.2,3599.00
Skechers,4.5,3522.00
Skechers,4.3,4858.00
Skechers,4.4,4858.00
Skechers,4,3359.00
Skechers,3.8,3719.00
Skechers,4.2,0.00
Skechers,4.6,3189.00
Skechers,4,4799.00
Skechers,4,2999.00
Skechers,4.2,8249.00
Skechers,3.7,3059.00
Skechers,4.5,0.00
Skechers,4.7,5199.00
Skechers,4,3481.00
Skechers,4.3,2530.00
Skechers,5,2099.00
Skechers,4.1,3299.00
Skechers,5,4899.00
Skechers,4.6,3059.00
Skechers,5,0.00
Skechers,3.6,3599.00
Skechers,4.1,1925.00
Skechers,4.7,0.00
Skechers,5,3849.00
Skechers,4.5,0.00
Skechers,4.8,2003.00
Skechers,4.1,5399.00
Skechers,4.6,3419.00
Skechers,3.5,0.00
Skechers,4.8,1882.00
Skechers,4.4,2493.00
Skechers,4.6,1518.00
Skechers,4.7,1739.00
Skechers,4.9,5524.00
Skechers,3.9,3643.00
Skechers,4.8,3299.00
Skechers,4.3,2967.00
Skechers,4.1,1821.00
Skechers,3.2,0.00
Skechers,4.6,4199.00
Skechers,4.4,4199.00
Red Chief,3.8,0.00
Red Chief,4,0.00
Red Chief,3.7,2239.00
Red Chief,4,2235.00
Red Chief,3.8,3415.00
Red Chief,4.3,2965.00
Red Chief,4,0.00
Red Chief,3.1,0.00
Red Chief,3.8,2384.00
Red Chief,4.1,3370.00
Red Chief,3.9,2039.00
Red Chief,3.5,0.00
Red Chief,4,0.00
Red Chief,3.8,0.00
Red Chief,3.9,3190.00
Red Chief,3.7,0.00
Red Chief,3.6,2384.00
Red Chief,3.9,4000.00
Red Chief,3.8,0.00
Red Chief,3.7,2499.00
Red Chief,3.7,2965.00
Red Chief,3.8,3280.00
Red Chief,3.8,0.00
Red Chief,3.7,0.00
Red Chief,3.2,2965.00
Red Chief,3.9,3550.00
Red Chief,3.6,0.00
Red Chief,3.8,2599.00
Red Chief,3.7,0.00
Red Chief,3.6,0.00
Red Chief,3.6,2039.00
Red Chief,3.7,0.00
Red Chief,4.2,2599.00
Red Chief,4,2650.00
Red Chief,3.9,2199.00
Red Chief,4.1,0.00
Red Chief,4,2499.00
Red Chief,3.7,2515.00
Red Chief,2,2965.00
Red Chief,3.5,3280.00
Red Chief,3.6,2965.00
Red Chief,3.7,3640.00
Red Chief,3.9,3640.00
Red Chief,3.9,4405.00
Red Chief,3.6,1923.00
Red Chief,3.7,2079.00
Red Chief,1,2639.00
Red Chief,4,2965.00
Red Chief,3.7,0.00
Red Chief,3.9,2294.00
Red Chief,3.6,2965.00
Red Chief,3.6,2599.00
Red Chief,3.5,2519.00
Red Chief,3.5,2349.00
Red Chief,3.9,0.00
Red Chief,4.3,2875.00
Red Chief,3.9,0.00
Red Chief,4,2785.00
Red Chief,3.3,2999.00
Red Chief,3.9,4000.00
Red Chief,3.7,2099.00
Red Chief,3.7,2547.00
Red Chief,4.4,2235.00
Red Chief,4.1,4090.00
Red Chief,3.7,2149.00
Red Chief,2.2,2849.00
Red Chief,4,3049.00
Red Chief,4,2495.00
Red Chief,3.6,0.00
Red Chief,3.4,2499.00
Red Chief,3.6,1439.00
Red Chief,4.6,2299.00
Red Chief,3.7,2243.00
Red Chief,4,349.00
Red Chief,4.3,2650.00
Red Chief,3.3,2549.00
Red Chief,3.5,2099.00
Red Chief,3.9,2749.00
Red Chief,4,2034.00
Red Chief,3.9,2699.00
Red Chief,3.8,3550.00
Red Chief,3.8,2119.00
Red Chief,4,2755.00
Red Chief,2.2,2299.00
Red Chief,3.9,2875.00
Red Chief,3.7,2875.00
Red Chief,3.6,2299.00
Red Chief,3.9,2183.00
Red Chief,4,2391.00
Red Chief,4,3505.00
Red Chief,3.6,2199.00
Red Chief,3.7,2650.00
Red Chief,3.6,4405.00
Red Chief,3.5,2300.00
Red Chief,3.7,1478.00
Red Chief,3.9,2650.00
Red Chief,3.5,0.00
Red Chief,3.8,2499.00
Red Chief,1,2139.00
Red Chief,3.1,2099.00
Red Chief,3.7,0.00
Red Chief,4,2650.00
Red Chief,4.4,2599.00
Red Chief,3.6,2159.00
Red Chief,3.8,2599.00
Red Chief,4,2549.00
Red Chief,4,3325.00
Red Chief,3.7,2235.00
Red Chief,3.7,2650.00
Red Chief,3.9,2199.00
Red Chief,3.8,2499.00
Red Chief,4,2495.00
Red Chief,3.9,2499.00
Red Chief,4,3505.00
Red Chief,3.7,2300.00
Red Chief,4.5,2349.00
Red Chief,4,3505.00
Red Chief,3.9,2785.00
Red Chief,4.3,2131.00
Red Chief,4,3055.00
Red Chief,3.7,0.00
Red Chief,4,2639.00
Red Chief,3.5,2547.00
Red Chief,3.4,2349.00
Red Chief,5,2799.00
Red Chief,3.5,2149.00
Red Chief,2.9,2079.00
Red Chief,3.6,2443.00
Red Chief,1,2239.00
Red Chief,3.7,1847.00
Red Chief,3.8,2650.00
Red Chief,4,3550.00
Red Chief,3.5,2199.00
Red Chief,3,2495.00
Red Chief,3.7,3146.00
Red Chief,4,2219.00
Red Chief,3.7,2549.00
Red Chief,3.7,2391.00
Red Chief,3.6,2202.00
Red Chief,4.5,2391.00
Red Chief,5,2529.00
Red Chief,4.7,3235.00
Red Chief,4,3550.00
Red Chief,2.1,2299.00
Red Chief,3.8,3640.00
Red Chief,3.6,2149.00
Red Chief,3.8,0.00
Red Chief,3.4,2650.00
Red Chief,4.4,2785.00
Red Chief,5,2249.00
Red Chief,3.8,3145.00
Red Chief,3.7,2500.00
Red Chief,3.9,2235.00
Red Chief,3,1979.00
Red Chief,4,3999.00
Red Chief,3.6,1439.00
Red Chief,4.5,2650.00
Red Chief,3.8,2300.00
Red Chief,3.8,2080.00
Red Chief,4,3415.00
Red Chief,3.8,2875.00
Red Chief,4,2699.00
Red Chief,3.8,2300.00
Red Chief,3.7,3145.00
Red Chief,4,2550.00
Red Chief,2.9,2650.00
Red Chief,3.6,2155.00
Red Chief,3.5,2399.00
Red Chief,3.5,2744.00
Red Chief,3.5,3640.00
Red Chief,3,2650.00
Red Chief,3,0.00
Red Chief,3.5,2965.00
Red Chief,4,2999.00
Red Chief,3,2099.00
Red Chief,5,2427.00
Red Chief,3.8,2650.00
Red Chief,3.2,2183.00
Red Chief,4,3235.00
Red Chief,4.1,2965.00
Red Chief,4.2,2549.00
Red Chief,4,3239.00
Red Chief,3.3,3415.00
Red Chief,3.9,2965.00
Red Chief,3.7,3799.00
Red Chief,3.6,2875.00
Red Chief,3.9,3640.00
Red Chief,3.8,2785.00
Red Chief,3.9,2966.00
Red Chief,3.9,2588.00
Red Chief,3.5,2391.00
Red Chief,3.6,2339.00
Red Chief,4.1,2399.00
Red Chief,3,1439.00
Red Chief,4.2,0.00
Red Chief,3.3,2549.00
Red Chief,3.7,3251.00
Red Chief,4.3,2391.00
Red Chief,5,2999.00
Red Chief,3,2549.00
Red Chief,4,2650.00
Red Chief,4,3145.00
Red Chief,3.7,3343.00
Red Chief,4,4090.00
Red Chief,3.1,2879.00
Red Chief,3.7,2155.00
Red Chief,3.2,2965.00
Red Chief,3.6,2785.00
Red Chief,3.3,1979.00
Red Chief,5,2199.00
Red Chief,3.4,2560.00
Red Chief,3.5,3321.00
Red Chief,3,2399.00
Red Chief,3.5,2965.00
Liberty,3.9,649.00
Liberty,3.7,702.00
Liberty,3.8,1079.00
Liberty,4.2,1889.00
Liberty,3.8,389.00
Liberty,3.9,599.00
Liberty,3.8,423.00
Liberty,3.6,549.00
Liberty,3.9,599.00
Liberty,3.6,729.00
Liberty,3.9,772.00
Liberty,3.9,1994.00
Liberty,4.1,1099.00
Liberty,3.8,1299.00
Liberty,4,1499.00
Liberty,3.8,999.00
Liberty,3.7,1629.00
Liberty,4.1,999.00
Liberty,3.6,1299.00
Liberty,3.8,1299.00
Liberty,3.9,575.00
Liberty,3.9,1487.00
Liberty,4,1299.00
Liberty,4,901.00
Liberty,3.7,569.00
Liberty,3.8,862.00
Liberty,3.9,1090.00
Liberty,4.2,753.00
Liberty,4,599.00
Liberty,4.4,802.00
Liberty,4,999.00
Liberty,3.9,0.00
Liberty,3.7,1278.00
Liberty,3.5,1499.00
Liberty,4.2,2399.00
Liberty,3.5,1299.00
Liberty,3.6,609.00
Liberty,3.6,1382.00
Liberty,4,399.00
Liberty,3.3,816.00
Liberty,3.3,1789.00
Liberty,3.5,725.00
Liberty,3.5,2199.00
Liberty,3,1639.00
Liberty,3.4,938.00
Liberty,3.5,1799.00
Liberty,3.6,1737.00
Liberty,2.8,1999.00
Liberty,3.5,1799.00
Liberty,2.8,1999.00
Liberty,3.8,929.00
Liberty,3.7,525.00
Liberty,4.1,1139.00
Liberty,3.5,1999.00
Liberty,3.7,1004.00
Liberty,3.7,2299.00
Liberty,4.3,599.00
Liberty,3.9,1099.00
Liberty,4.1,749.00
Liberty,3.3,515.00
Liberty,3.9,1999.00
Liberty,3.6,1787.00
Liberty,3.7,924.00
Liberty,3.5,715.00
Liberty,3.6,1199.00
Liberty,4.1,1299.00
Liberty,3.7,1696.00
Liberty,3.8,499.00
Liberty,3.8,399.00
Liberty,3.4,739.00
Liberty,4.2,1027.00
Liberty,3.9,1058.00
Liberty,3.8,1010.00
Liberty,3.7,2499.00
Liberty,4.1,617.00
Liberty,3.9,1866.00
Liberty,4.1,1306.00
Liberty,3.8,3149.00
Liberty,3.7,549.00
Liberty,4,2199.00
Liberty,3.7,677.00
Liberty,3.6,1705.00
Liberty,4,500.00
Liberty,3.8,1979.00
Liberty,3.5,1299.00
Liberty,4.1,649.00
Liberty,4.1,699.00
Liberty,3.9,475.00
Liberty,3.8,549.00
Liberty,3.6,860.00
Liberty,4.3,618.00
Liberty,3.7,1799.00
Liberty,3.9,550.00
Liberty,4.2,2659.00
Liberty,4,551.00
Liberty,4,907.00
Liberty,3.9,1899.00
Liberty,3.9,799.00
Liberty,3.7,599.00
Liberty,3.7,3599.00
Liberty,3.6,1099.00
Liberty,4,999.00
Liberty,3.2,900.00
Liberty,3.9,809.00
Liberty,4.1,2249.00
Liberty,2.9,799.00
Liberty,3.8,449.00
Liberty,3.2,1472.00
Liberty,4.1,727.00
Liberty,4.2,869.00
Liberty,3.8,699.00
Liberty,4,750.00
Liberty,4,2249.00
Liberty,4,599.00
Liberty,4.6,845.00
Liberty,3.8,599.00
Liberty,3.9,1299.00
Liberty,3.4,1139.00
Liberty,3.7,749.00
Liberty,4.1,1799.00
Liberty,4.1,471.00
Liberty,3.7,799.00
Liberty,5,549.00
Liberty,3.4,649.00
Liberty,3.6,1099.00
Liberty,4.5,1499.00
Liberty,3.7,513.00
Liberty,3.7,899.00
Liberty,3.9,1299.00
Liberty,3.4,575.00
Liberty,3,2999.00
Liberty,4.2,1976.00
Liberty,4.1,549.00
Liberty,4.1,1098.00
Liberty,4.1,799.00
Liberty,3.7,2199.00
Liberty,3.8,1799.00
Liberty,3.8,1889.00
Liberty,4.2,899.00
Liberty,4.1,1299.00
Liberty,3,519.00
Liberty,4.3,1299.00
Liberty,3.7,575.00
Liberty,3.9,1099.00
Liberty,3.8,899.00
Liberty,3.8,1345.00
Liberty,3.9,1274.00
Liberty,3.8,706.00
Liberty,3,1474.00
Liberty,4,649.00
Liberty,3.7,1999.00
Liberty,4.4,616.00
Liberty,4.4,610.00
Liberty,3.7,2199.00
Liberty,3.7,1299.00
Liberty,3.8,800.00
Liberty,3.8,1599.00
Liberty,4,599.00
Liberty,3.6,549.00
Liberty,3.7,800.00
Liberty,4.1,1799.00
Liberty,3.9,1499.00
Liberty,3.7,1999.00
Liberty,3.4,1905.00
Liberty,3.1,1850.00
Liberty,4.5,1699.00
Liberty,4,1199.00
Liberty,3.5,742.00
Liberty,3.4,549.00
Liberty,4,2499.00
Liberty,3.8,1004.00
Liberty,3.5,1962.00
Liberty,4.2,549.00
Liberty,4.2,549.00
Liberty,4.1,749.00
Liberty,4.4,1535.00
Liberty,4,399.00
Liberty,3.7,1029.00
Liberty,3.8,553.00
Liberty,3.4,499.00
Liberty,3.7,1199.00
Liberty,4.1,1086.00
Liberty,5,740.00
Liberty,3.9,785.00
Liberty,3.9,2696.00
Liberty,3.3,2199.00
Liberty,3.9,1787.00
Liberty,3.7,699.00
Liberty,3.9,463.00
Liberty,4.2,1099.00
Liberty,4.2,549.00
Liberty,3.9,899.00
Liberty,2,1499.00
Liberty,3.6,1263.00
Liberty,5,852.00
Liberty,3.9,549.00
Liberty,4.4,890.00
Liberty,3.8,1300.00
Liberty,3.9,1973.00
Liberty,4,549.00
Liberty,3.3,900.00
Liberty,3.9,549.00
Liberty,4.2,713.00
Liberty,3.4,1099.00
Liberty,3.6,1799.00
Liberty,3.9,1425.00
Liberty,3.4,1226.00
Liberty,4,1999.00
Liberty,2.9,1109.00
Liberty,4,899.00
Liberty,4.2,1141.00
Liberty,3.6,899.00
Bata,3.6,909.00
Bata,3.7,742.00
Bata,3.6,899.00
Bata,3.6,370.00
Bata,3.6,371.00
Bata,3.8,1421.00
Bata,4,309.00
Bata,3.8,817.00
Bata,3.8,371.00
Bata,4,594.00
Bata,3.6,742.00
Bata,3.8,899.00
Bata,3.7,1299.00
Bata,3.5,1049.00
Bata,4,695.00
Bata,3.7,813.00
Bata,3.5,669.00
Bata,3.9,1019.00
Bata,3.6,1565.00
Bata,3.7,1185.00
Bata,3.6,1409.00
Bata,3.7,742.00
Bata,3.9,742.00
Bata,3.1,445.00
Bata,3.8,879.00
Bata,4,1699.00
Bata,3.7,1119.00
Bata,3.6,658.00
Bata,3.7,742.00
Bata,3.9,594.00
Bata,3.8,675.00
Bata,3.6,647.00
Bata,3.7,1195.00
Bata,4,499.00
Bata,4,1104.00
Bata,3.8,1857.00
Bata,3.9,1199.00
Bata,3.7,1274.00
Bata,3.1,742.00
Bata,3.7,702.00
Bata,4.2,599.00
Bata,3.5,742.00
Bata,5,742.00
Bata,3.8,1199.00
Bata,3.9,929.00
Bata,3.9,724.00
Bata,4.1,1109.00
Bata,3.5,920.00
Bata,3.7,719.00
Bata,4,445.00
Bata,3.9,1174.00
Bata,3.6,997.00
Bata,3.8,1104.00
Bata,4.6,1209.00
Bata,3.4,999.00
Bata,3.3,445.00
Bata,4,742.00
Bata,3.6,1579.00
Bata,3.6,1209.00
Bata,3.9,1199.00
Bata,3.9,780.00
Bata,5,1039.00
Bata,4.5,1049.00
Bata,3.9,1049.00
Bata,3.8,445.00
Bata,4,1421.00
Bata,3.9,1070.00
Bata,3.8,349.00
Bata,5,799.00
Bata,4.6,599.00
Bata,3.1,867.00
Bata,3.6,965.00
Bata,3.5,999.00
Bata,3.6,377.00
Bata,3.9,1758.00
Bata,3.4,702.00
Bata,3.3,1698.00
Bata,3.8,1174.00
Bata,4,371.00
Bata,3.6,1565.00
Bata,3.8,1565.00
Bata,3.6,382.00
Bata,3.6,1281.00
Bata,4,1421.00
Bata,3.5,742.00
Bata,3.7,1421.00
Bata,3.6,899.00
Bata,3.4,1050.00
Bata,3.7,371.00
Bata,3.6,1273.00
Bata,3.1,899.00
Bata,3.8,1169.00
Bata,3.9,1049.00
Bata,3.9,1594.00
Bata,3.7,594.00
Bata,3.7,965.00
Bata,3.6,1140.00
Bata,3.1,1330.00
Bata,5,1266.00
Bata,4.1,594.00
Bata,3.9,997.00
Bata,3.7,740.00
Bata,3.9,899.00
Bata,5,742.00
Bata,3.8,1421.00
Bata,3.3,599.00
Bata,3.3,849.00
Bata,4.5,769.00
Bata,5,848.00
Bata,3.9,1019.00
Bata,3.8,520.00
Bata,1,743.00
Bata,3.9,965.00
Bata,4.1,594.00
Bata,3.8,891.00
Bata,3.9,849.00
Bata,4.1,891.00
Bata,3.8,1220.00
Bata,3.4,891.00
Bata,3.5,746.00
Bata,4,533.00
Bata,3.6,1899.00
Bata,3.9,764.00
Bata,3.6,749.00
Bata,5,800.00
Bata,3.5,829.00
Bata,3.5,1274.00
Bata,4.2,1274.00
Bata,3.9,817.00
Bata,4,1529.00
Bata,4,443.00
Bata,4,668.00
Bata,3.7,1699.00
Bata,5,631.00
Bata,3.3,891.00
Bata,4.1,799.00
Bata,3.5,1974.00
Bata,3.8,996.00
Bata,3.4,289.00
Bata,3.8,789.00
Bata,3.9,439.00
Bata,4,499.00
Bata,3.2,1421.00
Bata,3.9,784.00
Bata,3,0.00
Bata,3.8,2210.00
Bata,3.7,594.00
Bata,4.1,599.00
Bata,3.7,1289.00
Bata,4,1565.00
Bata,3.7,1174.00
Bata,3,1974.00
Bata,3.1,1529.00
Bata,3.7,739.00
Bata,4.1,445.00
Bata,3,1369.00
Bata,5,752.00
Bata,3.4,799.00
Bata,3.9,966.00
Bata,4,493.00
Bata,3.9,891.00
Bata,4.2,1299.00
Bata,3.3,891.00
Bata,4,353.00
Bata,4.2,424.00
Bata,3,742.00
Bata,4.1,505.00
Bata,3,2369.00
Bata,3.9,1274.00
Bata,4.5,1359.00
Bata,3.8,679.00
Bata,3.4,1816.00
Bata,3.8,988.00
Bata,3.6,1729.00
Bata,3.9,445.00
Bata,3.9,742.00
Bata,4.1,519.00
Bata,3.5,1069.00
Bata,3.8,1974.00
Bata,4,685.00
Bata,3.9,799.00
Bata,3.8,596.00
Bata,3.5,1184.00
Bata,3.7,729.00
Bata,3.8,919.00
Bata,3.8,1234.00
Bata,3.6,1699.00
Bata,3.9,1299.00
Bata,3.8,1026.00
Bata,2.9,1273.00
Bata,3.6,2080.00
Bata,3.6,1444.00
Bata,4.1,464.00
Bata,3.6,1489.00
Bata,5,1002.00
Bata,3.5,594.00
Bata,4.2,559.00
Bata,3.7,573.00
Bata,3.8,763.00
Bata,3.7,1409.00
Bata,4.3,599.00
Bata,4,443.00
Bata,3.4,1954.00
Bata,3.5,1299.00
Bata,3.6,1421.00
Bata,3.8,1299.00
Bata,3.1,1973.00
Bata,3.6,1210.00
Bata,4.3,656.00
Bata,3.6,599.00
Bata,4.1,769.00
Bata,3.9,742.00
Bata,3.9,594.00
Bata,4.1,1578.00
Bata,4,489.00
Bata,3.8,444.00
Bata,3.9,891.00
Bata,3.6,1699.00
Bata,3.4,999.00
Bata,3.8,297.00
Bata,3.6,1299.00
Bata,1,1649.00
Bata,4.5,2369.00
Bata,3.6,778.00
Fila,5,2474.00
Fila,4.2,3699.00
Fila,3.6,2053.00
Fila,3.1,2578.00
Fila,3.4,2114.00
Fila,4.1,1880.00
Fila,4,4049.00
Fila,3.7,0.00
Fila,3.3,2114.00
Fila,3.3,1103.00
Fila,3.7,1320.00
Fila,4.1,0.00
Fila,4.4,2950.00
Fila,5,8999.00
Fila,4,2024.00
Fila,5,2699.00
Fila,3.4,2114.00
Fila,5,2159.00
Fila,3.5,0.00
Fila,3.9,2159.00
Fila,3,2499.00
Fila,3.7,2609.00
Fila,5,2622.00
Fila,3.1,2249.00
Fila,1,4499.00
Fila,3.9,2024.00
Fila,3.6,1649.00
Fila,4.7,3999.00
Fila,2.9,0.00
Fila,5,1124.00
Fila,4,2474.00
Fila,4.1,3099.00
Fila,4,3081.00
Fila,3.8,3399.00
Fila,2.8,2699.00
Fila,4,2499.00
Fila,3.7,2723.00
Fila,4.6,1394.00
Fila,1.8,919.00
Fila,3.6,2537.00
Fila,5,3499.00
Fila,3.3,1643.00
Fila,4.2,2499.00
Fila,3.3,2482.00
Fila,4.5,0.00
Fila,3.7,0.00
Fila,5,2024.00
Fila,3.8,2653.00
Fila,4.5,0.00
Fila,5,4499.00
Fila,3.6,1439.00
Fila,3.7,1259.00
Fila,4,1479.00
Fila,3.8,2073.00
Fila,5,0.00
Fila,3.6,4301.00
Fila,4,2149.00
Fila,3.9,1759.00
Fila,5,9999.00
Fila,4.1,1716.00
Fila,3.6,2142.00
Fila,3.8,2999.00
Fila,3.8,1259.00
Fila,5,744.00
Fila,2.9,2999.00
Fila,3.5,3299.00
Fila,3.2,2999.00
Fila,4.1,2799.00
Fila,3.6,2057.00
Fila,4.6,1399.00
Fila,4,1203.00
Fila,3.9,863.00
Fila,3,4528.00
Fila,5,4058.00
Fila,3.8,1619.00
Fila,5,879.00
Fila,2.9,6799.00
Fila,4.4,4699.00
Fila,3.3,3799.00
Fila,5,1039.00
Fila,4.5,2499.00
Fila,3.4,1259.00
Fila,4,1794.00
Fila,4.6,0.00
Fila,3.8,2712.00
Fila,3.9,1844.00
Fila,3.4,2899.00
Fila,3,0.00
Fila,5,1797.00
Fila,4.1,2129.00
Fila,3.6,3399.00
Fila,3.4,1259.00
Fila,1,2053.00
Fila,5,11999.00
Fila,5,4499.00
Fila,3.3,314.00
Fila,4,1039.00
Fila,4.7,2499.00
Fila,1,3999.00
Fila,3.8,1349.00
Fila,2.2,3299.00
Fila,2,2999.00
Fila,3.1,0.00
Fila,3.8,1593.00
Fila,3.8,0.00
Fila,4.1,2041.00
Fila,4.6,1652.00
Fila,3.1,1850.00
Fila,4.5,0.00
Fila,3.3,5547.00
Fila,1,2164.00
Fila,3.8,2056.00
Fila,4,1250.00
Fila,3.5,2519.00
Fila,3.8,0.00
Fila,4.1,1684.00
Fila,4,3699.00
Fila,3.9,0.00
Fila,4,4999.00
Fila,3.1,3399.00
Fila,5,2679.00
Fila,1,2999.00
Fila,4.6,2364.00
Fila,3,0.00
Fila,5,0.00
Fila,5,8999.00
Fila,4.5,1473.00
Fila,3.5,0.00
Fila,3.9,2499.00
Fila,5,6001.00
Fila,4.5,2599.00
Fila,1,2640.00
Fila,4.1,1952.00
Fila,3.7,2125.00
Fila,5,0.00
Fila,4.5,2941.00
Fila,3.8,3149.00
Fila,5,7999.00
Fila,3.1,1467.00
Fila,3.9,1292.00
Fila,3,3299.00
Fila,3.5,3142.00
Fila,1,3903.00
Fila,2,3799.00
Fila,3.9,2180.00
Fila,3.8,1349.00
Fila,4,0.00
Fila,3,5091.00
Fila,4.6,3099.00
Fila,5,2193.00
Fila,3.3,3176.00
Fila,3.9,2799.00
Fila,3.7,0.00
Fila,1,979.00
Fila,3.3,0.00
Fila,3.5,0.00
Fila,4,0.00
Fila,1,2699.00
Fila,4.1,2127.00
Fila,4.2,0.00
Woodland,4.2,3969.00
Woodland,4,2337.00
Woodland,4,2439.00
Woodland,3.4,2839.00
Woodland,4.1,0.00
Woodland,3.9,2726.00
Woodland,3.8,2463.00
Woodland,3.7,2446.00
Woodland,3.8,3497.00
Woodland,3.9,2317.00
Woodland,3.7,2873.00
Woodland,4.1,2776.00
Woodland,3.9,3204.00
Woodland,4,0.00
Woodland,3.8,2347.00
Woodland,4.1,2277.00
Woodland,3.9,2764.00
Woodland,4,2149.00
Woodland,4,2973.00
Woodland,3.7,2422.00
Woodland,4,3565.00
Woodland,3.6,2832.00
Woodland,4.1,2817.00
Woodland,4,3261.00
Woodland,3.9,2022.00
Woodland,4,3495.00
Woodland,4,1946.00
Woodland,3.9,3809.00
Woodland,3.8,2663.00
Woodland,3.8,2467.00
Woodland,4,3295.00
Woodland,3.9,2397.00
Woodland,3.9,2637.00
Woodland,3.9,1647.00
Woodland,3.9,0.00
Woodland,3.9,2419.00
Woodland,3.2,3305.00
Woodland,4.2,2934.00
Woodland,3.9,3256.00
Woodland,3.7,2337.00
Woodland,3.5,3294.00
Woodland,4,2750.00
Woodland,3.7,2415.00
Woodland,3.8,2265.00
Woodland,4,0.00
Woodland,3.9,0.00
Woodland,4.1,2860.00
Woodland,4,1789.00
Woodland,4.1,0.00
Woodland,3.9,4095.00
Woodland,3.8,2157.00
Woodland,3.9,3302.00
Woodland,4.1,0.00
Woodland,3.1,2873.00
Woodland,3.9,0.00
Woodland,4,0.00
Woodland,3.9,2382.00
Woodland,3.5,2971.00
Woodland,3.8,2463.00
Woodland,4.3,2889.00
Woodland,3.9,3392.00
Woodland,3.4,1124.00
Woodland,3.7,1798.00
Woodland,4.1,2267.00
Woodland,4,0.00
Woodland,4,3244.00
Woodland,4.7,0.00
Woodland,4.1,2148.00
Woodland,4.1,2929.00
Woodland,3.9,2607.00
Woodland,3.2,3270.00
Woodland,3.6,1529.00
Woodland,4,3297.00
Woodland,3.9,0.00
Woodland,4.1,2396.00
Woodland,3.7,5271.00
Woodland,3.6,3492.00
Woodland,4,2269.00
Woodland,3,2396.00
Woodland,3.4,3610.00
Woodland,3.9,3054.00
Woodland,3.1,2096.00
Woodland,3.9,2697.00
Woodland,3.9,3180.00
Woodland,3.6,4108.00
Woodland,4,2349.00
Woodland,3.8,3253.00
Woodland,3.8,1597.00
Woodland,3.4,0.00
Woodland,4.2,2726.00
Woodland,3.4,1135.00
Woodland,3.8,3802.00
Woodland,4,3790.00
Woodland,3.1,0.00
Woodland,3.8,3195.00
Woodland,3.7,2655.00
Woodland,4.6,2921.00
Woodland,3.8,2892.00
Woodland,3.6,4774.00
Woodland,3.6,3153.00
Woodland,3.5,0.00
Woodland,3,2707.00
Woodland,4.1,2229.00
Woodland,4.1,3772.00
Woodland,3.9,0.00
Woodland,4,1677.00
Woodland,3.9,3478.00
Woodland,3.8,2120.00
Woodland,3.5,3712.00
Woodland,3.7,3223.00
Woodland,4,1699.00
Woodland,4,1766.00
Woodland,4.2,0.00
Woodland,3.9,3279.00
Woodland,4,0.00
Woodland,5,2427.00
Woodland,3.6,2401.00
Woodland,3.9,2946.00
Woodland,3.8,3650.00
Woodland,3.9,4176.00
Woodland,3,3561.00
Woodland,3.8,3139.00
Woodland,4,2578.00
Woodland,3.8,2156.00
Woodland,4,3313.00
Woodland,3.2,2769.00
Woodland,3.4,0.00
Woodland,3.4,1981.00
Woodland,4.3,3197.00
Woodland,3.8,3478.00
Woodland,4.5,0.00
Woodland,3.2,3852.00
Woodland,4,427.00
Woodland,3.6,1309.00
Woodland,3.9,0.00
Woodland,3.4,2249.00
Woodland,3.5,3637.00
Woodland,3.6,3748.00
Woodland,3.6,1887.00
Woodland,4,0.00
Woodland,3.8,2037.00
Woodland,3.9,2480.00
Woodland,4,5751.00
Woodland,3.9,2139.00
Woodland,3.9,3120.00
Woodland,4.2,0.00
Woodland,3.8,2607.00
Woodland,3,2439.00
Woodland,3.7,2189.00
Woodland,4,2771.00
Woodland,3.9,2259.00
Woodland,3.7,3040.00
Woodland,4,3169.00
Woodland,3,5509.00
Woodland,2.8,2849.00
Woodland,5,0.00
Woodland,3.9,3478.00
Woodland,4.1,3478.00
Woodland,3.9,1799.00
Woodland,3.7,0.00
Woodland,4.1,2097.00
Woodland,3.9,5199.00
Woodland,3.8,3907.00
Woodland,3.7,2299.00
Woodland,4.7,0.00
Woodland,4.2,2149.00
Woodland,4,1879.00
Woodland,3.9,1869.00
Woodland,4,3305.00
Woodland,3.2,2686.00
Woodland,3.6,1917.00
Woodland,3.8,2607.00
Woodland,3.8,2869.00
Woodland,3.6,2089.00
Woodland,2.8,3429.00
Woodland,4,0.00
Woodland,4.2,2601.00
Woodland,4.1,0.00
Woodland,3.9,3130.00
Woodland,3.8,2044.00
Woodland,3.6,2758.00
Woodland,3.7,2749.00
Woodland,3.6,3478.00
Woodland,3.9,0.00
Woodland,5,3358.00
Woodland,3.8,3063.00
Woodland,3.7,2631.00
Woodland,3.8,1995.00
Woodland,3.5,646.00
Woodland,3.8,2367.00
Woodland,3.8,0.00
Woodland,3.7,2764.00
Woodland,4,3392.00
Woodland,3.9,0.00
Woodland,4,0.00
Woodland,3.4,1748.00
Woodland,3.8,3350.00
Woodland,3.5,3392.00
Woodland,3.9,2434.00
Woodland,3.8,0.00
Woodland,3.9,2037.00
Woodland,4.1,2279.00
Woodland,4.1,1969.00
Woodland,3.8,3995.00
Woodland,3.3,1835.00
Woodland,3.3,2117.00
Woodland,4.2,0.00
Woodland,3.8,4225.00
Woodland,3.8,0.00
Woodland,3.9,2869.00
Woodland,3.8,1869.00
Woodland,3.6,0.00
Woodland,4,3419.00
Woodland,4,3392.00
Woodland,3.8,1624.00
Woodland,3.4,3853.00
Woodland,3.6,1871.00
Woodland,3.9,1397.00
Woodland,3.5,1189.00
Woodland,3.8,3305.00
Woodland,3.3,1369.00
Woodland,4.1,1289.00
